ADIDAS&PUMA,ASICS,FILA USA,KEDS,NEW BALANCE,NIKE&PUMA&REEBOK,SKECHERS,VANS
Stores to Exit,Stores to Exit,Stores to Exit,Stores to Exit,Stores to Exit,Stores to Exit,Stores to Exit,Stores to Exit
8,34,,,,,,9
9,163,,,,,,14
11,197,,,,,,18
25,385,,,,,,25
31,477,,,,,,31
32,589,,,,,,33
34,590,,,,,,35
49,591,,,,,,48
55,592,,,,,,49
72,593,,,,,,52
79,595,,,,,,54
86,596,,,,,,55
103,598,,,,,,66
114,600,,,,,,72
115,601,,,,,,79
117,602,,,,,,86
119,603,,,,,,95
121,606,,,,,,96
126,607,,,,,,97
127,631,,,,,,99
132,632,,,,,,102
138,633,,,,,,103
139,636,,,,,,104
141,668,,,,,,105
142,669,,,,,,110
143,677,,,,,,111
147,683,,,,,,112
149,695,,,,,,113
153,701,,,,,,114
154,702,,,,,,115
155,705,,,,,,117
156,708,,,,,,118
161,709,,,,,,119
163,713,,,,,,121
166,714,,,,,,125
167,715,,,,,,126
168,724,,,,,,127
169,726,,,,,,129
170,737,,,,,,130
171,752,,,,,,132
172,753,,,,,,138
173,759,,,,,,140
182,762,,,,,,141
183,763,,,,,,142
184,790,,,,,,147
187,958,,,,,,148
188,976,,,,,,153
189,981,,,,,,154
191,994,,,,,,155
192,1004,,,,,,156
193,1006,,,,,,158
195,1020,,,,,,159
196,1032,,,,,,160
197,1044,,,,,,165
198,1053,,,,,,167
200,1081,,,,,,169
201,1117,,,,,,170
202,1125,,,,,,171
205,1130,,,,,,172
207,1134,,,,,,173
208,1140,,,,,,174
210,1152,,,,,,179
217,1159,,,,,,182
218,1186,,,,,,184
219,1240,,,,,,185
227,1282,,,,,,187
230,1324,,,,,,188
231,1326,,,,,,189
232,1358,,,,,,190
233,1359,,,,,,191
234,1360,,,,,,193
237,1361,,,,,,195
240,1362,,,,,,196
244,1363,,,,,,198
246,1364,,,,,,201
247,1365,,,,,,202
248,1366,,,,,,204
249,1367,,,,,,205
251,1370,,,,,,206
252,1371,,,,,,208
256,1372,,,,,,209
257,1373,,,,,,210
259,1374,,,,,,211
261,1376,,,,,,213
262,1377,,,,,,214
263,1378,,,,,,215
264,1379,,,,,,216
265,1381,,,,,,217
266,1382,,,,,,218
267,1383,,,,,,219
268,1385,,,,,,220
269,1386,,,,,,221
270,1388,,,,,,222
271,1389,,,,,,223
273,1390,,,,,,225
274,1391,,,,,,226
277,1399,,,,,,227
278,1400,,,,,,228
281,1403,,,,,,230
282,1404,,,,,,231
283,1407,,,,,,232
284,1415,,,,,,233
286,1434,,,,,,234
287,1455,,,,,,235
288,1458,,,,,,236
292,1501,,,,,,237
295,,,,,,,238
299,,,,,,,239
301,,,,,,,240
302,,,,,,,241
303,,,,,,,242
304,,,,,,,243
305,,,,,,,244
306,,,,,,,245
308,,,,,,,246
310,,,,,,,247
312,,,,,,,248
313,,,,,,,251
315,,,,,,,252
316,,,,,,,253
318,,,,,,,254
319,,,,,,,255
324,,,,,,,256
325,,,,,,,257
326,,,,,,,258
327,,,,,,,259
330,,,,,,,262
334,,,,,,,263
338,,,,,,,264
340,,,,,,,265
348,,,,,,,266
349,,,,,,,267
350,,,,,,,268
351,,,,,,,269
352,,,,,,,270
353,,,,,,,281
354,,,,,,,283
355,,,,,,,288
356,,,,,,,289
357,,,,,,,290
360,,,,,,,291
361,,,,,,,292
362,,,,,,,293
363,,,,,,,295
364,,,,,,,297
365,,,,,,,299
366,,,,,,,301
367,,,,,,,302
368,,,,,,,304
369,,,,,,,305
370,,,,,,,306
371,,,,,,,308
372,,,,,,,310
376,,,,,,,311
384,,,,,,,312
389,,,,,,,313
392,,,,,,,315
394,,,,,,,318
395,,,,,,,319
397,,,,,,,324
406,,,,,,,325
409,,,,,,,326
411,,,,,,,327
413,,,,,,,328
414,,,,,,,329
415,,,,,,,330
416,,,,,,,331
417,,,,,,,334
423,,,,,,,335
425,,,,,,,336
426,,,,,,,337
427,,,,,,,338
432,,,,,,,339
434,,,,,,,340
437,,,,,,,349
438,,,,,,,350
439,,,,,,,351
440,,,,,,,352
441,,,,,,,353
442,,,,,,,354
443,,,,,,,355
444,,,,,,,356
445,,,,,,,357
446,,,,,,,359
447,,,,,,,360
449,,,,,,,372
450,,,,,,,373
451,,,,,,,392
452,,,,,,,394
453,,,,,,,399
455,,,,,,,401
456,,,,,,,405
457,,,,,,,406
463,,,,,,,407
465,,,,,,,408
466,,,,,,,411
468,,,,,,,422
472,,,,,,,425
477,,,,,,,426
479,,,,,,,427
487,,,,,,,433
488,,,,,,,434
489,,,,,,,435
490,,,,,,,439
491,,,,,,,441
492,,,,,,,444
493,,,,,,,445
494,,,,,,,446
496,,,,,,,447
500,,,,,,,450
505,,,,,,,451
507,,,,,,,452
508,,,,,,,453
509,,,,,,,454
510,,,,,,,455
511,,,,,,,456
512,,,,,,,457
513,,,,,,,458
514,,,,,,,459
515,,,,,,,460
517,,,,,,,461
518,,,,,,,462
520,,,,,,,463
521,,,,,,,464
522,,,,,,,466
523,,,,,,,470
524,,,,,,,471
525,,,,,,,472
526,,,,,,,479
527,,,,,,,482
529,,,,,,,485
533,,,,,,,486
534,,,,,,,489
542,,,,,,,490
544,,,,,,,491
545,,,,,,,492
547,,,,,,,493
548,,,,,,,494
549,,,,,,,500
550,,,,,,,501
552,,,,,,,502
553,,,,,,,503
554,,,,,,,512
555,,,,,,,513
556,,,,,,,514
557,,,,,,,516
559,,,,,,,520
560,,,,,,,522
562,,,,,,,523
563,,,,,,,524
568,,,,,,,525
574,,,,,,,528
576,,,,,,,531
583,,,,,,,535
584,,,,,,,542
585,,,,,,,546
587,,,,,,,547
588,,,,,,,551
589,,,,,,,556
590,,,,,,,560
591,,,,,,,565
592,,,,,,,567
593,,,,,,,576
595,,,,,,,577
596,,,,,,,579
598,,,,,,,580
599,,,,,,,581
600,,,,,,,584
601,,,,,,,586
602,,,,,,,611
603,,,,,,,612
604,,,,,,,623
605,,,,,,,624
606,,,,,,,626
607,,,,,,,627
608,,,,,,,634
611,,,,,,,639
612,,,,,,,640
613,,,,,,,641
614,,,,,,,645
615,,,,,,,646
618,,,,,,,650
619,,,,,,,656
620,,,,,,,659
621,,,,,,,661
622,,,,,,,665
623,,,,,,,671
630,,,,,,,672
631,,,,,,,678
632,,,,,,,679
633,,,,,,,681
636,,,,,,,686
638,,,,,,,687
641,,,,,,,691
642,,,,,,,692
643,,,,,,,699
644,,,,,,,703
645,,,,,,,704
647,,,,,,,711
649,,,,,,,712
650,,,,,,,717
652,,,,,,,718
653,,,,,,,719
654,,,,,,,720
656,,,,,,,730
657,,,,,,,731
658,,,,,,,733
659,,,,,,,734
660,,,,,,,735
663,,,,,,,736
665,,,,,,,738
667,,,,,,,740
668,,,,,,,741
669,,,,,,,742
671,,,,,,,743
672,,,,,,,744
673,,,,,,,745
675,,,,,,,767
677,,,,,,,770
680,,,,,,,771
683,,,,,,,772
685,,,,,,,774
686,,,,,,,775
688,,,,,,,776
690,,,,,,,777
692,,,,,,,778
693,,,,,,,779
695,,,,,,,780
696,,,,,,,784
697,,,,,,,785
698,,,,,,,789
699,,,,,,,956
700,,,,,,,957
701,,,,,,,962
702,,,,,,,963
704,,,,,,,964
705,,,,,,,968
706,,,,,,,969
707,,,,,,,970
708,,,,,,,971
709,,,,,,,973
710,,,,,,,982
711,,,,,,,985
713,,,,,,,987
714,,,,,,,990
715,,,,,,,995
717,,,,,,,996
718,,,,,,,997
719,,,,,,,998
720,,,,,,,1005
721,,,,,,,1008
722,,,,,,,1009
723,,,,,,,1010
724,,,,,,,1012
726,,,,,,,1019
727,,,,,,,1021
729,,,,,,,1022
730,,,,,,,1024
732,,,,,,,1029
734,,,,,,,1036
735,,,,,,,1037
736,,,,,,,1038
737,,,,,,,1041
742,,,,,,,1042
743,,,,,,,1043
746,,,,,,,1046
747,,,,,,,1047
748,,,,,,,1049
749,,,,,,,1050
752,,,,,,,1051
753,,,,,,,1052
755,,,,,,,1055
756,,,,,,,1056
757,,,,,,,1057
758,,,,,,,1062
759,,,,,,,1063
760,,,,,,,1064
761,,,,,,,1065
762,,,,,,,1066
763,,,,,,,1068
768,,,,,,,1075
770,,,,,,,1078
773,,,,,,,1079
774,,,,,,,1083
775,,,,,,,1085
776,,,,,,,1086
777,,,,,,,1087
778,,,,,,,1089
783,,,,,,,1094
784,,,,,,,1095
785,,,,,,,1098
786,,,,,,,1103
787,,,,,,,1110
788,,,,,,,1111
789,,,,,,,1112
790,,,,,,,1113
795,,,,,,,1118
796,,,,,,,1124
797,,,,,,,1126
798,,,,,,,1132
799,,,,,,,1135
951,,,,,,,1138
952,,,,,,,1141
953,,,,,,,1145
954,,,,,,,1146
955,,,,,,,1147
956,,,,,,,1153
958,,,,,,,1155
960,,,,,,,1156
963,,,,,,,1157
964,,,,,,,1158
967,,,,,,,1163
970,,,,,,,1164
971,,,,,,,1165
974,,,,,,,1166
975,,,,,,,1167
976,,,,,,,1168
977,,,,,,,1169
978,,,,,,,1174
980,,,,,,,1175
981,,,,,,,1178
983,,,,,,,1183
985,,,,,,,1189
987,,,,,,,1190
988,,,,,,,1191
989,,,,,,,1192
990,,,,,,,1195
992,,,,,,,1196
993,,,,,,,1197
994,,,,,,,1198
996,,,,,,,1199
1002,,,,,,,1200
1003,,,,,,,1203
1004,,,,,,,1204
1005,,,,,,,1205
1006,,,,,,,1212
1007,,,,,,,1216
1009,,,,,,,1217
1010,,,,,,,1221
1011,,,,,,,1223
1012,,,,,,,1225
1013,,,,,,,1227
1014,,,,,,,1232
1015,,,,,,,1238
1016,,,,,,,1243
1017,,,,,,,1246
1018,,,,,,,1250
1019,,,,,,,1253
1020,,,,,,,1264
1023,,,,,,,1265
1025,,,,,,,1266
1026,,,,,,,1268
1027,,,,,,,1271
1028,,,,,,,1272
1029,,,,,,,1277
1030,,,,,,,1281
1031,,,,,,,1284
1032,,,,,,,1285
1033,,,,,,,1295
1036,,,,,,,1302
1037,,,,,,,1303
1038,,,,,,,1304
1043,,,,,,,1306
1044,,,,,,,1308
1046,,,,,,,1309
1047,,,,,,,1310
1050,,,,,,,1312
1053,,,,,,,1314
1054,,,,,,,1316
1055,,,,,,,1317
1056,,,,,,,1318
1057,,,,,,,1319
1058,,,,,,,1320
1059,,,,,,,1325
1060,,,,,,,1328
1062,,,,,,,1329
1063,,,,,,,1330
1065,,,,,,,1331
1066,,,,,,,1332
1069,,,,,,,1340
1070,,,,,,,1343
1071,,,,,,,1347
1072,,,,,,,1349
1073,,,,,,,1350
1075,,,,,,,1352
1076,,,,,,,1353
1077,,,,,,,1355
1079,,,,,,,1357
1081,,,,,,,1371
1082,,,,,,,1394
1083,,,,,,,1396
1084,,,,,,,1397
1089,,,,,,,1401
1091,,,,,,,1405
1092,,,,,,,1408
1093,,,,,,,1409
1094,,,,,,,1410
1095,,,,,,,1411
1097,,,,,,,1413
1098,,,,,,,1414
1102,,,,,,,1416
1103,,,,,,,1418
1104,,,,,,,1419
1105,,,,,,,1420
1106,,,,,,,1421
1107,,,,,,,1424
1108,,,,,,,1425
1109,,,,,,,1426
1110,,,,,,,1431
1111,,,,,,,1432
1112,,,,,,,1435
1113,,,,,,,1437
1115,,,,,,,1438
1117,,,,,,,1439
1118,,,,,,,1440
1119,,,,,,,1441
1121,,,,,,,1442
1122,,,,,,,1443
1123,,,,,,,1447
1124,,,,,,,1448
1125,,,,,,,1452
1126,,,,,,,1453
1127,,,,,,,1454
1128,,,,,,,1456
1130,,,,,,,1457
1132,,,,,,,1458
1133,,,,,,,1462
1134,,,,,,,1465
1135,,,,,,,1466
1136,,,,,,,1467
1137,,,,,,,1468
1138,,,,,,,1470
1139,,,,,,,1480
1140,,,,,,,1481
1141,,,,,,,1484
1142,,,,,,,1487
1144,,,,,,,1492
1145,,,,,,,1494
1149,,,,,,,1497
1151,,,,,,,1498
1152,,,,,,,1499
1156,,,,,,,1500
1158,,,,,,,1501
1159,,,,,,,1502
1160,,,,,,,1503
1162,,,,,,,1504
1163,,,,,,,1506
1164,,,,,,,1507
1167,,,,,,,1510
1171,,,,,,,1516
1172,,,,,,,
1173,,,,,,,
1174,,,,,,,
1175,,,,,,,
1176,,,,,,,
1177,,,,,,,
1179,,,,,,,
1180,,,,,,,
1181,,,,,,,
1183,,,,,,,
1184,,,,,,,
1186,,,,,,,
1187,,,,,,,
1188,,,,,,,
1190,,,,,,,
1191,,,,,,,
1192,,,,,,,
1193,,,,,,,
1194,,,,,,,
1195,,,,,,,
1196,,,,,,,
1197,,,,,,,
1200,,,,,,,
1201,,,,,,,
1202,,,,,,,
1205,,,,,,,
1207,,,,,,,
1209,,,,,,,
1211,,,,,,,
1212,,,,,,,
1215,,,,,,,
1216,,,,,,,
1219,,,,,,,
1222,,,,,,,
1223,,,,,,,
1225,,,,,,,
1226,,,,,,,
1227,,,,,,,
1228,,,,,,,
1229,,,,,,,
1230,,,,,,,
1231,,,,,,,
1232,,,,,,,
1233,,,,,,,
1234,,,,,,,
1235,,,,,,,
1236,,,,,,,
1238,,,,,,,
1240,,,,,,,
1242,,,,,,,
1243,,,,,,,
1245,,,,,,,
1246,,,,,,,
1247,,,,,,,
1248,,,,,,,
1249,,,,,,,
1250,,,,,,,
1256,,,,,,,
1261,,,,,,,
1262,,,,,,,
1264,,,,,,,
1269,,,,,,,
1270,,,,,,,
1272,,,,,,,
1275,,,,,,,
1276,,,,,,,
1277,,,,,,,
1279,,,,,,,
1280,,,,,,,
1282,,,,,,,
1283,,,,,,,
1284,,,,,,,
1285,,,,,,,
1286,,,,,,,
1287,,,,,,,
1288,,,,,,,
1290,,,,,,,
1291,,,,,,,
1292,,,,,,,
1293,,,,,,,
1294,,,,,,,
1303,,,,,,,
1304,,,,,,,
1307,,,,,,,
1309,,,,,,,
1310,,,,,,,
1313,,,,,,,
1316,,,,,,,
1317,,,,,,,
1318,,,,,,,
1319,,,,,,,
1320,,,,,,,
1322,,,,,,,
1324,,,,,,,
1327,,,,,,,
1329,,,,,,,
1330,,,,,,,
1331,,,,,,,
1334,,,,,,,
1340,,,,,,,
1342,,,,,,,
1343,,,,,,,
1349,,,,,,,
1350,,,,,,,
1352,,,,,,,
1353,,,,,,,
1354,,,,,,,
1356,,,,,,,
1357,,,,,,,
1358,,,,,,,
1359,,,,,,,
1360,,,,,,,
1361,,,,,,,
1362,,,,,,,
1363,,,,,,,
1364,,,,,,,
1365,,,,,,,
1366,,,,,,,
1367,,,,,,,
1370,,,,,,,
1371,,,,,,,
1372,,,,,,,
1373,,,,,,,
1374,,,,,,,
1376,,,,,,,
1377,,,,,,,
1378,,,,,,,
1379,,,,,,,
1381,,,,,,,
1382,,,,,,,
1383,,,,,,,
1385,,,,,,,
1386,,,,,,,
1388,,,,,,,
1389,,,,,,,
1390,,,,,,,
1391,,,,,,,
1393,,,,,,,
1394,,,,,,,
1396,,,,,,,
1397,,,,,,,
1399,,,,,,,
1400,,,,,,,
1401,,,,,,,
1403,,,,,,,
1404,,,,,,,
1405,,,,,,,
1407,,,,,,,
1408,,,,,,,
1413,,,,,,,
1414,,,,,,,
1415,,,,,,,
1416,,,,,,,
1418,,,,,,,
1419,,,,,,,
1420,,,,,,,
1421,,,,,,,
1422,,,,,,,
1424,,,,,,,
1428,,,,,,,
1429,,,,,,,
1430,,,,,,,
1431,,,,,,,
1432,,,,,,,
1434,,,,,,,
1435,,,,,,,
1436,,,,,,,
1437,,,,,,,
1438,,,,,,,
1439,,,,,,,
1441,,,,,,,
1443,,,,,,,
1445,,,,,,,
1447,,,,,,,
1452,,,,,,,
1453,,,,,,,
1455,,,,,,,
1456,,,,,,,
1457,,,,,,,
1458,,,,,,,
1461,,,,,,,
1465,,,,,,,
1466,,,,,,,
1468,,,,,,,
1469,,,,,,,
1473,,,,,,,
1474,,,,,,,
1476,,,,,,,
1480,,,,,,,
1484,,,,,,,
1487,,,,,,,
1492,,,,,,,
1493,,,,,,,
1494,,,,,,,
1497,,,,,,,
1499,,,,,,,
1500,,,,,,,
1501,,,,,,,
1502,,,,,,,
1503,,,,,,,
1504,,,,,,,
1506,,,,,,,
1507,,,,,,,
1510,,,,,,,
1516,,,,,,,