APT 9,CHAPS,CROFT & BARROW,GLORIA VANDERBILT,JENNIFER LOPEZ,LEE,SONOMA,TEKGEAR
Stores to Exit,Stores to Exit,Stores to Exit,Stores to Exit,Stores to Exit,Stores to Exit,Stores to Exit,Stores to Exit
,,,,9,32,,
,,,,18,34,,
,,,,54,115,,
,,,,57,163,,
,,,,77,197,,
,,,,82,314,,
,,,,84,363,,
,,,,95,374,,
,,,,104,376,,
,,,,107,377,,
,,,,112,378,,
,,,,118,379,,
,,,,119,380,,
,,,,125,381,,
,,,,127,382,,
,,,,136,389,,
,,,,185,390,,
,,,,186,391,,
,,,,191,395,,
,,,,196,398,,
,,,,207,401,,
,,,,215,403,,
,,,,228,406,,
,,,,234,411,,
,,,,249,413,,
,,,,260,468,,
,,,,263,505,,
,,,,270,507,,
,,,,295,508,,
,,,,301,515,,
,,,,308,531,,
,,,,310,541,,
,,,,312,542,,
,,,,313,552,,
,,,,323,553,,
,,,,325,583,,
,,,,326,585,,
,,,,330,589,,
,,,,341,593,,
,,,,342,595,,
,,,,392,596,,
,,,,444,598,,
,,,,447,600,,
,,,,451,602,,
,,,,481,603,,
,,,,483,604,,
,,,,494,605,,
,,,,522,606,,
,,,,560,607,,
,,,,567,615,,
,,,,584,618,,
,,,,610,620,,
,,,,611,622,,
,,,,673,630,,
,,,,704,631,,
,,,,720,632,,
,,,,727,633,,
,,,,728,636,,
,,,,736,638,,
,,,,738,654,,
,,,,775,663,,
,,,,776,667,,
,,,,777,668,,
,,,,967,669,,
,,,,990,675,,
,,,,995,677,,
,,,,997,680,,
,,,,998,681,,
,,,,1008,683,,
,,,,1012,688,,
,,,,1022,695,,
,,,,1030,700,,
,,,,1033,702,,
,,,,1041,705,,
,,,,1042,707,,
,,,,1043,708,,
,,,,1049,709,,
,,,,1052,710,,
,,,,1055,713,,
,,,,1057,714,,
,,,,1066,715,,
,,,,1068,722,,
,,,,1072,724,,
,,,,1079,726,,
,,,,1085,737,,
,,,,1086,752,,
,,,,1089,753,,
,,,,1091,755,,
,,,,1093,756,,
,,,,1095,757,,
,,,,1098,758,,
,,,,1145,759,,
,,,,1153,760,,
,,,,1163,761,,
,,,,1189,762,,
,,,,1192,763,,
,,,,1196,781,,
,,,,1198,790,,
,,,,1204,796,,
,,,,1215,951,,
,,,,1217,954,,
,,,,1223,958,,
,,,,1225,960,,
,,,,1227,975,,
,,,,1228,976,,
,,,,1238,977,,
,,,,1285,978,,
,,,,1291,980,,
,,,,1308,981,,
,,,,1309,983,,
,,,,1310,988,,
,,,,1319,989,,
,,,,1320,993,,
,,,,1330,994,,
,,,,1350,1002,,
,,,,1352,1003,,
,,,,1396,1006,,
,,,,1401,1007,,
,,,,1419,1011,,
,,,,1424,1017,,
,,,,1425,1018,,
,,,,1426,1020,,
,,,,1440,1021,,
,,,,1441,1045,,
,,,,1499,1049,,
,,,,,1053,,
,,,,,1058,,
,,,,,1059,,
,,,,,1064,,
,,,,,1069,,
,,,,,1075,,
,,,,,1077,,
,,,,,1081,,
,,,,,1082,,
,,,,,1084,,
,,,,,1102,,
,,,,,1106,,
,,,,,1107,,
,,,,,1108,,
,,,,,1112,,
,,,,,1117,,
,,,,,1119,,
,,,,,1121,,
,,,,,1122,,
,,,,,1124,,
,,,,,1125,,
,,,,,1128,,
,,,,,1130,,
,,,,,1132,,
,,,,,1134,,
,,,,,1136,,
,,,,,1140,,
,,,,,1144,,
,,,,,1151,,
,,,,,1152,,
,,,,,1159,,
,,,,,1171,,
,,,,,1172,,
,,,,,1176,,
,,,,,1177,,
,,,,,1186,,
,,,,,1187,,
,,,,,1188,,
,,,,,1193,,
,,,,,1202,,
,,,,,1207,,
,,,,,1209,,
,,,,,1211,,
,,,,,1222,,
,,,,,1226,,
,,,,,1229,,
,,,,,1230,,
,,,,,1232,,
,,,,,1240,,
,,,,,1245,,
,,,,,1246,,
,,,,,1247,,
,,,,,1248,,
,,,,,1249,,
,,,,,1250,,
,,,,,1262,,
,,,,,1267,,
,,,,,1269,,
,,,,,1276,,
,,,,,1279,,
,,,,,1280,,
,,,,,1282,,
,,,,,1287,,
,,,,,1288,,
,,,,,1290,,
,,,,,1292,,
,,,,,1293,,
,,,,,1294,,
,,,,,1316,,
,,,,,1324,,
,,,,,1326,,
,,,,,1328,,
,,,,,1353,,
,,,,,1356,,
,,,,,1358,,
,,,,,1359,,
,,,,,1360,,
,,,,,1361,,
,,,,,1362,,
,,,,,1363,,
,,,,,1364,,
,,,,,1365,,
,,,,,1366,,
,,,,,1367,,
,,,,,1370,,
,,,,,1371,,
,,,,,1373,,
,,,,,1374,,
,,,,,1376,,
,,,,,1377,,
,,,,,1378,,
,,,,,1379,,
,,,,,1381,,
,,,,,1382,,
,,,,,1383,,
,,,,,1386,,
,,,,,1388,,
,,,,,1390,,
,,,,,1391,,
,,,,,1393,,
,,,,,1399,,
,,,,,1400,,
,,,,,1403,,
,,,,,1404,,
,,,,,1407,,
,,,,,1411,,
,,,,,1415,,
,,,,,1422,,
,,,,,1429,,
,,,,,1430,,
,,,,,1434,,
,,,,,1437,,
,,,,,1445,,
,,,,,1458,,
,,,,,1461,,
,,,,,1487,,
,,,,,1501,,
